random 0	7ec5631193f0b94e	284
random 1	a76c85b65a66637d	9052
random 2	1cdf68eddec562f6	644
random 3	abc7d2c6b14762e5	4744
random 4	ea6c6ce2da2b1832	4884
random 5	dcb4016ef011973b	1892
random 6	9d718b2fd77d77e7	3256
random 7	d569e442b38ab020	6316
random 8	ca895c40fe86e102	912
random 9	60fbd53b405e0063	4528
random 10	b6355671b4b98185	376
random 11	a1bf75bb53b963ae	1472
random 12	48ad3107935ea5b0	2192
random 13	375c72aedfa11141	5968
random 14	6af638d8b62fdd70	704
random 15	619e6db87d369860	3160
random 16	8f4366e308ae2232	2064
random 17	90e83b10fd693ac3	2092
random 18	b4cee792fbbf3eeb	1340
random 19	177ad9b92b41e833	6260
random 20	e32031ffd24aef80	744
random 21	6086733614fab7bf	936
random 22	4b1a201a53faacac	5360
random 23	0477b4d57766d5b9	448
random 24	c582e3f7b1799219	5792
random 25	538a74b307437f29	3404
random 26	ffbba853510b29c5	180
random 27	948c349cea5fc423	8348
random 28	630a7b411e9c0384	1948
random 29	5b892f4c00f8af15	1080
random 30	90d9923ebb67f70e	3488
random 31	93bdfeaf4d8eabcf	5616
random 32	29ef4d991fab08c2	292
random 33	331db9e659b22ad0	228
random 34	8a63d1a00c150410	3460
random 35	e8ade46a15ebfc52	2108
random 36	aee96ee674c44c60	768
random 37	0e8b6bcde4833d3e	4008
random 38	d929d1e2a0f1bfc6	2316
random 39	5a19721960e7c252	2208
random 40	e99791dc371f842e	284
random 41	b6ef398c53f1d597	352
random 42	d358a0d4441016ae	332
random 43	f1450f08cbbaa315	3616
random 44	d306b1a3dbca7dfd	340
random 45	e2e441d70ebc9c72	1020
random 46	3a57e2df1cbce1c0	4604
random 47	716debe672e93c0a	944
random 48	87a88025135b3b8a	5252
random 49	0be0a127dbdf0a47	284
random 50	4dfaf428dfeb95b8	1364
random 51	50610454d6b9aba9	3068
random 52	fdde11a67d7e8564	592
random 53	ac23d5880651b140	1128
random 54	5fbff5ce8afffe0f	148
random 55	2245089b989d6f44	3920
random 56	2264dfd80c50745d	920
random 57	30167dc824228f7c	620
random 58	6fd1a7f041319f6c	780
random 59	4484d47f6726693b	224
signed zeros	34a7b77bd266a1bd	204
NaN position	INVALID_PAGE_ATTRIBUTE	0
NaN normal	INVALID_PAGE_ATTRIBUTE	0
+Inf position	INVALID_PAGE_ATTRIBUTE	0
+Inf normal	INVALID_PAGE_ATTRIBUTE	0
-Inf position	INVALID_PAGE_ATTRIBUTE	0
-Inf normal	INVALID_PAGE_ATTRIBUTE	0
empty	INVALID_PAGE	0
65,535 vertices	9a1bd0ef8d06d9b1	917080
65,538 vertices	PAGE_VERTEX_LIMIT	0
widest range	373633aec1b3d581	124
range past 24 bits	PAGE_ATTRIBUTE_RANGE	0
